{
  "version": 1,
  "author": "Uri Shaked",
  "editor": "wokwi",
  "parts": [
    { "type": "wokwi-arduino-uno", "id": "uno", "top": 20, "left": 20, "attrs": {} },
    {
      "type": "wokwi-lcd1602",
      "id": "lcd",
      "top": 254.89,
      "left": 60.31,
      "attrs": { "pins": "i2c" }
    },
    {
      "type": "wokwi-photoresistor-sensor",
      "id": "ldr1",
      "top": -25.8,
      "left": 353.2,
      "rotate": 180,
      "attrs": {}
    },
    { "type": "wokwi-led", "id": "led1", "top": -70.8, "left": 61.4, "attrs": { "color": "red" } },
    {
      "type": "wokwi-photoresistor-sensor",
      "id": "ldr2",
      "top": 70.2,
      "left": 353.2,
      "rotate": 180,
      "attrs": {}
    },
    {
      "type": "wokwi-buzzer",
      "id": "bz1",
      "top": -141.6,
      "left": 155.4,
      "attrs": { "volume": "0.1" }
    }
  ],
  "connections": [
    [ "uno:GND.2", "lcd:GND", "black", [ "v17", "*", "h-20" ] ],
    [ "uno:5V", "lcd:VCC", "red", [ "v22", "*", "h-16" ] ],
    [ "uno:A4", "lcd:SDA", "green", [ "v28", "*", "h-12" ] ],
    [ "uno:A5", "lcd:SCL", "blue", [ "v35", "*", "h-8" ] ],
    [ "uno:GND.1", "ldr1:GND", "black", [ "v-18", "h138", "v-44" ] ],
    [ "uno:A0", "ldr1:AO", "yellow", [ "v16.27", "h79.43", "v-239.19" ] ],
    [ "uno:5V", "ldr1:VCC", "red", [ "v22", "h137.88", "v-208.46" ] ],
    [ "led1:A", "uno:7", "green", [ "v9.6", "h124.8" ] ],
    [ "led1:C", "uno:GND.1", "green", [ "v38.4", "h0.4" ] ],
    [ "ldr2:AO", "uno:A1", "green", [ "h0" ] ],
    [ "ldr2:GND", "uno:GND.3", "black", [ "h0" ] ],
    [ "ldr2:VCC", "uno:5V", "red", [ "h0" ] ],
    [ "bz1:2", "uno:8", "green", [ "v38.4", "h-19.6" ] ],
    [ "bz1:1", "uno:GND.1", "green", [ "v57.6", "h-48" ] ]
  ],
  "dependencies": {}
}